epoch,val_loss,step,test_loss
0,0.13485726714134216,47999,
1,,48000,0.1368885189294815
