step,epoch,val_loss,test_loss
47999,0,0.14016972482204437,
48000,1,,0.14232802391052246
