val_loss,step,epoch,test_loss
0.13207346200942993,47999,0,
,48000,1,0.13424506783485413
